UIC;Remontée dans TVS National;Code TVS export TGD/ TGA;Libellé;affichage GeM;Info TIC;code QLT;code UIC 8;;
594 234;02/09/2011;AAA;Allassac;OUI;NON;FRALC;87594234;;
783 266;Via WS SUM Sans VaQ Copyright SNCFProximités 13/12/2012;AAU;Aumont Aubrac;01/01/2013;;FRINC;87783266;;
317 362;Avant Avril 2011;ABB;Abbeville;OUI;NON;FRXAB;87317362;;
746 115;Avant Avril 2011;ABN;Albens;17/02/2012;NON;FRALE;87746115;;
313 759;21/05/2013;ABT;Abancourt;OUI;;FRABT;87313759;;
172 858;23/04/2013;ACP;Anchamps;OUI;;FRBEP;87172858;;
741 256;21/05/2013;AEB;Aiguebelle;OUI;;FRAGB;87741256;;
726 760;02/09/2011;AEC;Aurec;OUI;NON;FRHIQ;87726760;;
386 730;23/04/2013;AEH;Aubergenville Élisabethville;OUI;;FRDGF;87386730;;
613 075;Via WS SUM Sans VaQ Copyright SNCFProximités 13/12/2012;AER;Assier;01/01/2013;;FRFSD;87613075;;
597 120;Via WS SUM VaQ Copyright SNCFProximités 13/12/2012;AGC;Argenton-sur-Creuse;01/01/2013;;FRFMT;87597120;;
781 278;09/05/2012;AGD;Agde;11/05/2012;NON;FRXAG;87781278;;
586 008;Avant Avril 2011;AGN;Agen;OUI;OUI;FRAGF;87586008;;
741 421;21/05/2013;AGQ;Aiguebelette-le-Lac;OUI;;FRHOL;87741421;;
611 384;Via WS SUM Sans VaQ Copyright SNCFProximités 13/12/2012;AIE;Auterive;01/01/2013;;FRFPW;87611384;;
741 132;Avant Avril 2011;AIX;Aix les Bains le Revard;OUI;OUI;FRXAI;87741132;;
722 744;26/02/2013;ALA;Alaï;OUI;;FRCBY;87722744;;
615 005;Avant Avril 2011;ALB;Albi;OUI;OUI;FRAFJ;87615005;;
775 288;Via WS SUM Sans VaQ Copyright SNCFProximités 13/12/2012;ALE;Alès;01/01/2013;;FRXAS;87775288;;
182 238;29/01/2013;ALK;Altkirch;OUI;;FRBJI;87182238;;
615 195;Via WS SUM Sans VaQ Copyright SNCFProximités 13/12/2012;ALM;Albi Madeleine;01/01/2013;;FRAMA;87615195;;
444 711;Avant Avril 2011;ALN;Alençon;23/03/2012;NON;FRXAN;87444711;;
741 645;Avant Avril 2011;ALV;Albertville;OUI;NON;FRXAV;87741645;;
743 716;02/09/2011;AMB;Ambérieu en Bugey;OUI;NON;FRAMB;87743716;;
721 035;29/01/2013;AMP;Amplepuis;OUI;;FRHCE;87721035;;
574 343;Via WS SUM VaQ Copyright SNCFProximités 13/12/2012;AMQ;Amboise;01/01/2013;;FRXAM;87574343;;
784 231;11/12/2012;AMR;Argelès sur Mer;12/12/2012;;FRARM;87784231;;
313 874;Avant Avril 2011;AMS;Amiens;OUI;OUI;FRQAM;87313874;;
481 192;Via WS SUM Sans VaQ Copyright SNCFProximités 16/05/2012;ANC;Ancenis;10/05/2012;;FREFN;87481192;;
745 497;02/09/2011;ANE;Annemasse;OUI;NON;FRQNJ;87745497;;
583 005;10/07/2012;ANG;Angoulême;10/05/2012;;FRANG;87583005;;
741 769;04/04/2013;ANJ;Aime - La Plagne;02/09/2011;;FRQAI;87741769;;
721 324;05/02/2013;ANS;Anse;OUI;;FRHCM;87721324;;
746 008;Avant Avril 2011;ANY;Annecy;OUI;OUI;FRNCY;87746008;;
726 406;26/02/2013;ANZ;Andrézieux;OUI;;FRHHS;87726406;;
582 668;Via WS SUM Sans VaQ Copyright SNCFProximités 16/05/2012;ARC;Arcachon;OUI;;FRQNJ;87582668;;
444 539;02/09/2011;ARG;Argentan;23/03/2012;NON;FRART;87444539;;
144 410;23/04/2013;ARH;Arches;OUI;;FRARH;87144410;;
172 122;23/04/2013;ARI;Aubrives;OUI;;FRBDJ;87172122;;
342 014;Avant Avril 2011;ARR;Arras;OUI;OUI;FRQRV;87342014;;
753 657;Avant Avril 2011;ARS;Arles;OUI;OUI;FRHZA;87753657;;
734 251;Via WS SUM Sans VaQ Copyright SNCFProximités 13/12/2012;ARV;Arvant;01/01/2013;;FRARV;87734251;;
476 200;Avant Avril 2011;ARY;Auray;OUI;NON;FRXUY;87476200;;
484 006;Avant Avril 2011;ASL;Angers Saint-Laud;OUI;OUI;FRACL;87484006;;
757 674;Avant Avril 2011;ATB;Antibes;OUI;OUI;FRXAT;87757674;;
645 002;02/09/2011;AUC;Aurillac;OUI;NON;FRAUR;87645002;;
611 749;02/09/2011;AUH;Auch;OUI;NON;FRAUH;87611749;;
562 421;11/12/2011;AUL;Aulnat Aéroport;NON;NON;FRTKN;87562421;;
683 573;Avant Avril 2011;AUX;Auxerre Saint-Gervais;OUI;NON;FRASG;87683573;;
613 224;Via WS SUM Sans VaQ Copyright SNCFProximités 13/12/2012;AVB;Aubin;01/01/2013;;FRFSQ;87613224;;
765 008;Avant Avril 2011;AVI;Avignon Centre;OUI;OUI;FRAES;87765008;;
318 964;Avant Avril 2011;AVV;Avignon TGV;OUI;OUI;FRAVG;87318964;;
611 533;Via WS SUM Sans VaQ Copyright SNCFProximités 13/12/2012;AXN;Ax les Thermes;01/01/2013;;FRXLT;87611533;;
713 347;16/04/2013;AXO;Auxonne;OUI;Vides;FRGWS;87713347;;
751 404;Avant Avril 2011;AXP;Aix en Provence;OUI;OUI;FRQXB;87751404;;
319 012;Avant Avril 2011;AXV;Aix en provence TGV;OUI;OUI;FRAIE;87319012;;
439 554;16/04/2013;AYD;Vitrolles Aéroport Marseille Provence;OUI;;FRHBO;87439554;;
295 600;22/05/2012;AYE;Aulnoyes Aymeries;10/05/2012;NON;FRXOY;87295600;;
313 098;02/09/2011;AYS;Ailly sur Somme;23/03/2012;NON;FRAIS;87313098;;
141 408;26/02/2013;AZE;Azerailles;OUI;;FRASL;87141408;;
783 324;Via WS SUM Sans VaQ Copyright SNCFProximités 13/12/2012;BAA;Banassac la Canourgue;01/01/2013;;FRINH;87783324;;
745 596;Avant Avril 2011;BAB;Bons en Chablais;17/02/2012;NON;FRHSL;87745596;;
141 416;05/02/2013;BAC;Baccarat;OUI;;FRASM;87141416;;
212 134;16/04/2013;BAH;Brumath;OUI;;FRBUF;87212134;;
784 298;11/12/2012;BAN;Banyuls sur Mer;12/12/2012;;FRXBU;87784298;;
214 247;16/04/2013;BAR;Barr;OUI;;FRBXR;87214247;;
444 067;11/12/2012;BAY;Bayeux;12/12/2012;;FRBYX;87444067;;
726 869;26/02/2013;BBY;Balbigny;OUI;;FRHJA;87726869;;
713 545;Avant Avril 2011;BEA;Beaune;OUI;OUI;FRXBV;87713545;;
781 609;11/12/2012;BED;Bédarieux;12/12/2012;;FRIMH;87781609;;
317 586;Avant Avril 2011;BEM;Boulogne;OUI;OUI;FRAEB;87317586;;
342 006;Avant Avril 2011;BET;Béthune;OUI;NON;FRXBH;87342006;;
696 088;Via WS SUM VaQ Copyright SNCFProximités 13/12/2012;BEW;Briare;OUI;;FRGSC;87696088;;
444 299;Via WS SUM Sans VaQ Copyright SNCFProximités 13/12/2012;BEY;Bernay;01/01/2013;;FRXBX;87444299;;663
300 822;11/12/2011;BFB;Belfort - Montbéliard TGV;OUI;OUI;FRTJA;87300822;;
300 863;11/12/2011;BFC;Besançon Franche-Comté TGV;OUI;OUI;FRTJB   ;87300863;;
214 122;16/04/2013;BFD;Benfeld;OUI;;FRBXK;87214122;;
214 296;23/04/2013;BFH;Bischoffsheim;OUI;;FRBXV;87214296;;
184 002;Avant Avril 2011;BFT;Belfort;OUI;NON;FRBOR;87184002;;
743 005;Avant Avril 2011;BGB;Bourg en Bresse;OUI;OUI;FRXBK;87743005;;
745 000;Avant Avril 2011;BGD;Bellegarde;OUI;OUI;FRXBF;87745000;;
722 728;26/02/2013;BGN;Brignais - Pas d'Arrivées;OUI;;FRHEP;87722728;;
576 207;Avant Avril 2011;BGS;Bourges;OUI;OUI;FRBOU;87576207;;
574 160;Via WS SUM VaQ Copyright SNCFProximités 13/12/2012;BGY;Beaugency;01/01/2013;;FREUE;87574160;;
182 659;26/02/2013;BHH;Breitenbach;OUI;;FRBKV;87182659;;
213 611;29/10/2013;BHW;Bischwiller;NON;NON;FRBWQ;87213611;;
673 400;29/06/2011;BIZ;Biarritz;OUI;OUI;FRBIQ;87673400;;
175 042;Avant Avril 2011;BLD;Bar le Duc;OUI;OUI;FRXBD;87175042;;
594 002;Avant Avril 2011;BLG;Brive la Gaillarde;OUI;OUI;FRBVE;87594002;;
734 244;17/01/2012;BLM;Brassac les Mines - Sainte-Florine;OUI;NON;FRHLE;87734244;;
574 004;Avant Avril 2011;BLO;Blois;OUI;OUI;FRXBQ;87574004;;
387 183;Via WS SUM Sans VaQ Copyright SNCFProximités 13/12/2012;BLR;Beaumont le Roger;01/01/2013;;FRDGR;87387183;;
726 778;02/09/2011;BMO;Bas Monistrol;OUI;NON;FRHIT;87726778;;
723 544;26/02/2013;BNO;Beynost;OUI;;FRHFG;87723544;;
415 893;23/04/2013;BNR;Bonnières;OUI;Vides;FRDQM;87415893;;
747 451;Avant Avril 2011;BNU;Brignoud;17/02/2012;NON;FRHVV;87747451;;
718 007;Avant Avril 2011;BNV;Besançon Viotte;OUI;OUI;FRABG;87718007;;
726 216;26/02/2013;BOH;Bouthéon;OUI;;FRHHK;87726216;;
746 339;02/09/2011;BON;Bonneville;OUI;NON;FRHTV;87746339;;
757 757;21/05/2013;BQJ;Le Bosquet;OUI;;FRLBO;87757757;;
611 095;Via WS SUM VaQ Copyright SNCFProximités 13/12/2012;BQY;Boussens;02/09/2011;;FRBSS;87611095;;
615 054;21/05/2013;BRA;Bram;OUI;;FRFUT;87615054;;
734 269;Via WS SUM Sans VaQ Copyright SNCFProximités 13/12/2012;BRD;Brioude;01/01/2013;;FRHLF;87734269;;
756 833;23/04/2013;BRE;Breil-sur-Roya;OUI;;FRBRR;87756833;;
723 429;29/01/2013;BRG;Bourgoin-Jallieu;OUI;;FRHEY;87723429;;
763 607;Avant Avril 2011;BRI;Briançon;23/03/2012;NON;FRXBC;87763607;;
144 154;21/05/2013;BRK;Bruyères;;à vérifier à 16:30 / 17:00;FRCGN;87144154;;
276 444;21/05/2013;BRN;Boran-sur-Oise;OUI;;FRCGM;87276444;;
474 007;Avant Avril 2011;BRT;Brest;OUI;OUI;FRBES;87474007;;
741 793;Avant Avril 2011;BSM;Bourg Saint-Maurice;OUI;OUI;FRQBM;87741793;;
726 414;26/02/2013;BSN;Bonson - Pas d'Arrivées;OUI;;FRHHT;87726414;;
696 336;26/02/2013;BSS;Bessay;OUI;;FRGSU;87696336;;
296 244;11/12/2012;BSY;Busigny;12/12/2012;;FRBSY;87296244;;
413 344;Via WS SUM Sans VaQ Copyright SNCFProximités 13/12/2012;BTB;Bréauté - Beuzeville;01/01/2013;;FRBTB;87413344;;
182 113;23/04/2013;BTK;Bartenheim;OUI;;FRBJF;87182113;;
387 092;Via WS SUM Sans VaQ Copyright SNCFProximités 13/12/2012;BUE;Bueil;01/01/2013;;FRBUE;87387092;;
381 624;Via WS SUM Sans VaQ Copyright SNCFProximités 13/12/2012;BVA;Bréval;01/01/2013;;FRDDM;87381624;;
721 357;29/01/2013;BVL;Belleville sur Saône;OUI;;FRHCO;87721357;;
581 009;Avant Avril 2011;BXJ;Bordeaux Saint-Jean;OUI;OUI;FRBOJ;87581009;;
611 822;05/02/2013;BXL;Brax Léguevin;OUI;;FRFRF;87611822;;
673 004;Avant Avril 2011;BYE;Bayonne;OUI;OUI;FRXBY;87673004;;
141 218;05/02/2013;BYN;Bayon;OUI;;FRARS;87141218;;
172 049;23/04/2013;BYU;Bogny-sur-Meuse;OUI;;FRBDB;87172049;;
448 084;10/10/2012;BZN;Briouze;OUI;;;87448084;;
781 005;Avant Avril 2011;BZS;Béziers;OUI;OUI;FRBZR;87781005;;
171 462;16/04/2013;BZT;Bazancourt;OUI;;FRRBO;87171462;;
444 000;Avant Avril 2011;CAE;Caen;OUI;OUI;FRCFR;87444000;;
172 353;Via WS SUM Sans VaQ Copyright SNCFProximités 13/12/2012;CAG;Carignan Gare;01/01/2013;;FRBDZ;87172353;;
613 000;Avant Avril 2011;CAH;Cahors;OUI;OUI;FRZAO;87613000;;
345 520;15/01/2012;CAM;Cambrai;OUI;OUI;FRAFX;87345520;;
757 625;Avant Avril 2011;CAN;Cannes;OUI;OUI;FRJCA;87757625;;
447 243;11/12/2012;CAR;Carentan;12/12/2012;;FRDTK;87447243;;
345 561;Via WS SUM VaQ Copyright SNCFProximités 13/12/2012;CAU;Caudry;01/01/2013;;FRDAZ;87345561;;
444 877;janv.-13;CBU;Cherbourg;janv.-13;;FRACK;87444877;;
484 204;16/04/2013;CCE;Chalonnes;OUI;Vides;FREHH;87484204;;
387 159;Via WS SUM Sans VaQ Copyright SNCFProximités 13/12/2012;CCH;Conches;01/01/2013;;FRDGP;87387159;;
208 553;21/05/2013;CCL;Casino Lacroix Laval;OUI;;FRCLV;87208553;;
447 110;05/02/2013;CCS;Coutances;OUI;;FRDTC;87447110;;
613 109;11/12/2012;CDC;Capdenac;12/12/2012;;FRCDC;87613109;;
396 606;Via WS SUM Sans VaQ Copyright SNCFProximités 13/12/2012;CDL;Château du Loir;01/01/2013;;FRCDL;87396606;;
313 304;Via WS SUM Sans VaQ Copyright SNCFProximités 13/12/2012;CDO;Clermont de l'Oise;01/01/2013;;FRCQZ;87313304;;
594 382;Via WS SUM Sans VaQ Copyright SNCFProximités 13/12/2012;CDT;Condat le Lardin;01/01/2013;;FRFJK;87594382;;
144 071;26/02/2013;CEO;Châtel - Nomexy;OUI;;FRAXQ;87144071;;
785 006;10/10/2012;CER;Cerbère;OUI;;;87785006;;
171 926;Avant Avril 2011;CGV;Champagne Ardenne TGV;OUI;OUI;FREAH;87171926;;
576 298;Via WS SUM Sans VaQ Copyright SNCFProximités 13/12/2012;CHC;Châteauneuf sur Cher;01/01/2013;;FREYC;87576298;;
484 246;16/04/2013;CHE;Chemillé;OUI;;FREHK;87484246;;
394 007;Avant Avril 2011;CHH;Chartres;OUI;NON;FRQTJ;87394007;;
142 000;Avant Avril 2011;CHM;Chaumont;23/03/2012;NON;FRXCW;87142000;;
763 425;11/12/2012;CHO;Chorges - Pas d'Arrivées;12/12/2012;;FRIGS;87763425;;
484 303;29/10/2013;CHT;Cholet;NON;NON;FRCET;87484303;;
746 784;16/04/2013;CHX;Chamonix-Mont-Blanc;OUI;;FRXCF;87746784;;
713 578;19/04/2012;CHY;Chagny;26/04/2012;NON;FRCGY;87713578;;
723 452;26/02/2013;CIU;Cessieu;OUI;;FRHFA;87723452;;
747 212;Avant Avril 2011;CKN;Chabons;17/02/2012;NON;FRHVJ;87747212;;
734 004;Avant Avril 2011;CLF;Clermont Ferrand;OUI;OUI;FRCFE;87734004;;
276 006;Avant Avril 2011;CLH;Creil;OUI;OUI;FRCSF;87276006;;
481 440;Avant Avril 2011;CLI;Clisson;23/03/2012;NON;FRCLI;87481440;;
723 502;05/03/2013;CLP;Crépieux la Pape;OUI;;FRHFC;87723502;;
481 390;21/05/2013;CLS;Challans;OUI;;FRCLS;87481390;;
746 370;02/09/2011;CLU;Cluses;OUI;NON;FRHTZ;87746370;;
174 003;Avant Avril 2011;CMP;Châlons en Champagne;OUI;OUI;FRXCR;87174003;;
182 014;Avant Avril 2011;CMR;Colmar;OUI;OUI;FRAEJ;87182014;;
615 625;11/12/2012;CMX;Carmaux;12/12/2012;;FRFWA;87615625;;
641 415;02/09/2011;CMY;Commentry;OUI;NON;FRGAG;87641415;;
172 007;Avant Avril 2011;CMZ;Charleville Mézieres;OUI;OUI;FRXCZ;87172007;;
611 574;Via WS SUM Sans VaQ Copyright SNCFProximités 13/12/2012;CNB;Les Cabannes;01/01/2013;;FRFQK;87611574;;
615 286;Avant Avril 2011;CNE;Carcassonne;OUI;OUI;FRCCF;87615286;;
566 919;26/02/2013;CNJ;Lentilly Charpenay;OUI;;FRHCY;87566919;;
783 340;Via WS SUM Sans VaQ Copyright SNCFProximités 13/12/2012;CNT;Campagnac Saint-Geniez;01/01/2013;;FRINJ;87783340;;
296 616;Via WS SUM Sans VaQ Copyright SNCFProximités 13/12/2012;CNY;Chauny;01/01/2013;;FRCOA;87296616;;
611 061;Via WS SUM VaQ Copyright SNCFProximités 13/12/2012;COA;Carbonne;01/01/2013;;FRFPB;87611061;;
721 225;05/03/2013;COF;Collonges - Fontaines;OUI;;FRCOF;87721225;;
491 449;Via WS SUM Sans VaQ Copyright SNCFProximités 13/12/2012;COG;Cognac;01/01/2013;;FRCNG;87491449;;
611 467;05/02/2013;COL;Colomiers;OUI;;FRFQB;87611467;;
782 607;11/12/2012;COP;Clermont La Pardieu;12/12/2012;;FRFDM;87782607;;
781 542;Via WS SUM Sans VaQ Copyright SNCFProximités 13/12/2012;COQ;Ceilhe -Roquèredonde;01/01/2013;;FRIMC;87781542;;
696 146;02/09/2011;COS;Cosne sur Loire;OUI;NON;FRGSH;87696146;;
584 516;28/08/2013;COU;Coutras;01/01/2013;;FRCOU;87584516;;
784 256;11/12/2012;COX;Collioure;12/12/2012;;FRXCU;87784256;;
276 691;Avant Avril 2011;CPE;Compiègne;OUI;OUI;FRXCP;87276691;;
722 710;26/02/2013;CPT;Chaponost - VIDES;OUI;Vides;FRCRR;87722710;;
721 530;05/02/2013;CRB;Charbonnières les Bains;OUI;;FRHCW;87721530;;
761 783;Via WS SUM Sans VaQ Copyright SNCFProximités 13/12/2012;CRE;Crest;01/01/2013;;FRCRE;87761783;;
741 009;Avant Avril 2011;CRL;Chambéry Challes les Eaux;OUI;OUI;FRCMF;87741009;;
575 142;Avant Avril 2011;CRT;Châtellerault;OUI;OUI;FRXCX;87575142;;
286 716;Via WS SUM VaQ Copyright SNCFProximités 16/05/2012;CRW;Croix - Wasquehal;10/05/2012;;FRCKH;87286716;;
613 232;Via WS SUM Sans VaQ Copyright SNCFProximités 13/12/2012;CRZ;Cransac;01/01/2013;;FRFSR;87613232;;
613 356;Via WS SUM Sans VaQ Copyright SNCFProximités 13/12/2012;CSD;Caussade (Tarn-et-Garonne);01/01/2013;;FRFTA;87613356;;
741 231;21/05/2013;CSK;Chamousset;OUI;;FRHOF;87741231;;
722 561;26/02/2013;CSR;Chasse-sur-Rhône;OUI;;FRCSR;87722561;;
725 002;Avant Avril 2011;CSS;Chalon sur Saône;OUI;NON;FRXCD;87725002;;
317 263;26/01/2012;CSV;Calais;OUI;OUI;FRAEA;87317263;;
116 582;Avant Avril 2011;CTH;Château Thierry;OUI;NON;FRXCY;87116582;;
485 110;Via WS SUM Sans VaQ Copyright SNCFProximités 13/12/2012;CTL;Châtelaillon;01/01/2013;;FREIL;87485110;;
615 468;16/04/2013;CTR;Castres;OUI;;FRMZQ;87615468;;
597 005;Avant Avril 2011;CTX;Châteauroux;OUI;OUI;FRCHR;87597005;;
615 039;Avant Avril 2011;CTY;Castelnaudary;23/03/2012;OUI;FRCTY;87615039;;
741 074;Avant Avril 2011;CUZ;Culoz;17/02/2012;NON;FRCUZ;87741074;;
741 116;29/10/2013;CWX;Chindrieux;NON;NON;FRHNX;87741116;;
181 222;05/03/2013;CXJ;Colmar Saint-Joseph;OUI;;FRBIV;87181222;;
402 297;05/03/2013;CXM;Colmar Mésanges - Pas de provenance à l'arrivée;OUI;;FRBIU;87402297;;
142 125;Via WS SUM Sans VaQ Copyright SNCFProximités 16/05/2012;CYN;Culmont - Chalindrey;10/05/2012;;FRCCY;87142125;;
594 119;Via WS SUM Sans VaQ Copyright SNCFProximités 13/12/2012;CZE;Corrèze;01/01/2013;;FRFIP;87594119;;
611 079;Via WS SUM VaQ Copyright SNCFProximités 13/12/2012;CZG;Cazères-sur-Garonne;01/01/2013;;FRFPC;87611079;;
734 160;05/02/2013;CZJ;Le Cendre Orcet;OUI;;FRHKX;87734160;;
721 746;26/02/2013;CZK;Civrieux-d'Azergues;OUI;;FRHDF;87721746;;
721 415;26/02/2013;CZM;Chazay - Marcilly;OUI;;FRHCQ;87721415;;
672 139;Via WS SUM Sans VaQ Copyright SNCFProximités 13/12/2012;CZN;Coarraze Nay;01/01/2013;;FRGFB;87672139;;
316 075;05/03/2013;DAS;Dreuil-lès-Amiens;OUI;;FRCTM;87316075;;
673 202;Avant Avril 2011;DAX;Dax;OUI;OUI;FRACG;87673202;;
214 551;23/04/2013;DCN;Dachstein;OUI;;FRBYP;87214551;;
721 449;05/03/2013;DDJ;Dardilly le Jubin;OUI;;FRGRQ;87721449;;
721 480;05/03/2013;DDY;Dardilly les Mouilles;OUI;;FRGSP;87721480;;
212 183;21/05/2013;DEE;Dettwiller;OUI;;FRBUJ;87212183;;
415 018;02/09/2011;DEV;Dieppe;23/03/2012;NON;FRAFD;87415018;;
214 338;23/04/2013;DHM;Dorlisheim;OUI;;FRBXY;87214338;;
761 841;Via WS SUM Sans VaQ Copyright SNCFProximités 13/12/2012;DIE;Die;01/01/2013;;FRDIE;87761841;;
713 008;16/04/2013;DJP;Dijon Porte Neuve;OUI;;FRGVW;87713008;;
713 040;Avant Avril 2011;DJV;Dijon;OUI;OUI;FRABA;87713040;;
281 006;Avant Avril 2011;DKQ;Dunkerque;OUI;OUI;FRADI;87281006;;
713 412;Avant Avril 2011;DLE;Dole;OUI;OUI;FRACE;87713412;;
721 738;29/10/2013;DLU;Dommartin - Lissieu;NON;NON;FRHDE;87721738;;
764 290;09/04/2013;DOE;Donzère;OUI;;FRIHM;87764290;;
345 009;Avant Avril 2011;DOI;Douai;OUI;OUI;FRXDN;87345009;;
478 073;Via WS SUM Sans VaQ Copyright SNCFProximités 16/05/2012;DOL;Dol de Bretagne;10/05/2012;;FRDOL;87478073;;
286 435;02/09/2011;DON;Don Sainghin;23/03/2012;NON;FRDON;87286435;;
393 488;Avant Avril 2011;DRX;Dreux;OUI;NON;FRXDR;87393488;;
214 544;23/04/2013;DTM;Duttlenheim;OUI;;FRBYO;87214544;;
214 536;23/04/2013;DUP;Duppigheim;OUI;;FRBYN;87214536;;
172 064;23/04/2013;DVI;Deville;OUI;;FRBDD;87172064;;
696 484;02/09/2011;DZE;Decize;OUI;NON;FRGTH;87696484;;
214 106;21/05/2013;EBH;Ebersheim;OUI;;FRBXI;87214106;;
723 718;05/03/2013;ECH;Les Échets;OUI;;FRHFM;87723718;;
396 564;Via WS SUM Sans VaQ Copyright SNCFProximités 13/12/2012;ECO;Ecommoy;01/01/2013;;FRDMM;87396564;;
710 731;29/10/2013;ECV;Ecole-Valentin;NON;NON;;87710731;;
721 506;05/03/2013;ECY;Écully la Demi-Lune;OUI;;FRHCU;87721506;;
214 148;16/04/2013;EEN;Erstein;OUI;;FRBXM;87214148;;
594 168;Via WS SUM Sans VaQ Copyright SNCFProximités 13/12/2012;EGL;Egletons;01/01/2013;;FRFIU;87594168;;
725 895;Avant Avril 2011;EHR;Echirolles;17/02/2012;NON;FRECE;87725895;;
784 207;11/12/2012;ELN;Elne - Pas d'Arrivées;20/12/2012;;FRIOG;87784207;;
144 006;Avant Avril 2011;ELP;Epinal;OUI;OUI;FREPL;87144006;;
144 436;23/04/2013;ELS;Éloyes;OUI;;FRAYS;87144436;;
763 466;11/12/2012;EMB;Embrun;20/12/2012;;FRIGV;87763466;;
214 528;16/04/2013;ENZ;Entzheim;OUI;;FRBYM;87214528;;
386 763;23/04/2013;EPO;Épône - Mézières;OUI;;FRDGG;87386763;;
171 553;Avant Avril 2011;EPR;Epernay;OUI;OUI;FRXEP;87171553;;
722 579;05/03/2013;ESN;Estressin;OUI;;FRHEJ;87722579;;
317 065;11/05/2011;ETA;Etaples le Touquet;23/03/2012;NON;FRETA;87317065;;
745 679;Avant Avril 2011;EVI;Evian les Bains;OUI;NON;FRXEB;87745679;;
387 001;Avant Avril 2011;EVX;Evreux Normandie;OUI;NON;FREVX;87387001;;
641 241;Via WS SUM Sans VaQ Copyright SNCFProximités 13/12/2012;EYG;Eygurande-Merlines;01/01/2013;;FREYG;87641241;;
582 478;Via WS SUM Sans VaQ Copyright SNCFProximités 16/05/2012;FAT;Biganos-Facture;OUI;;FRFAC;87582478;;
313 742;21/05/2013;FBS;Feuquières - Broquiers;OUI;;FRCSJ;87313742;;
172 874;23/04/2013;FEP;Fépin;OUI;;FRBEQ;87172874;;
726 877;05/02/2013;FEU;Feurs;OUI;;FRHJB;87726877;;
722 538;05/03/2013;FEY;Feyzin;OUI;;FRHEG;87722538;;
212 266;14/05/2013;FHM;Fegersheim - Lipsheim;OUI;;FRBUP;87212266;;
281 071;26/01/2012;FHS;Calais Frethun;OUI;OUI;FRSTH;87281071;;
613 091;10/10/2012;FIG;Figeac;OUI;;;87613091;;
741 496;21/05/2013;FII;Les Abrets - Fitilieu;OUI;;FRHOS;87741496;;
721 704;09/04/2013;FLD;Les Flachères;OUI;;FRHDB;87721704;;
448 001;10/10/2012;FLS;Flers;OUI;;;87448001;;
696 229;Via WS SUM Sans VaQ Copyright SNCFProximités 13/12/2012;FLT;Fourchambault;01/01/2013;;FRGSO;87696229;;
726 729;05/02/2013;FNY;Firminy (TER SEN);OUI;;FRFNY;87726729;;
193 003;Avant Avril 2011;FOB;Forbach;OUI;OUI;FRBQT;87193003;;
447 649;11/12/2012;FOL;Folligny;20/12/2012;;FRFOL;87447649;;
715 136;02/09/2011;FRA;Frasne;OUI;NON;FRFRA;87715136;;
141 077;Avant Avril 2011;FRD;Frouard;23/03/2012;NON;FRFRO;87141077;;
757 500;Via WS SUM VaQ Copyright SNCFProximités 13/12/2012;FRJ;Fréjus;01/01/2013;;FRAFN;87757500;;
773 556;16/04/2013;FRN;Frontignan;OUI;;FRIJK;87773556;;
722 702;05/03/2013;FRW;Francheville;OUI;;FRDAD;87722702;;
721 563;05/03/2013;FSL;Fleurieux-sur-l'Arbresle;OUI;;FRHCZ;87721563;;
324 095;Avant Avril 2011;FTU;Futuroscope;OUI;NON;FRTGO;87324095;;
172 098;23/04/2013;FUY;Fumay;OUI;;FRBDG;87172098;;
611 616;Via WS SUM Sans VaQ Copyright SNCFProximités 13/12/2012;FXE;Foix;01/01/2013;;FRXFX;87611616;;
757 740;14/05/2013;FYS;La Frayère;OUI;;FRLAJ;87757740;;
415 620;Via WS SUM Sans VaQ Copyright SNCFProximités 13/12/2012;GAA;Gaillon - Aubevoye;01/01/2013;;FRCOA;87415620;;
611 772;05/03/2013;GAH;Gimont Cahuzac;OUI;;FRFRB;87611772;;
732 404;02/09/2011;GAN;Gannat;OUI;NON;FRGAN;87732404;;
763 003;Avant Avril 2011;GAP;Gap;23/03/2012;NON;FRGAT;87763003;;
313 734;21/05/2013;GAR;Grandvilliers;OUI;;FRCSI;87313734;;
746 107;Avant Avril 2011;GAX;Grésy sur Aix;17/02/2012;NON;FRHTB;87746107;;
751 420;29/10/2013;GDS;Gardanne;NON;NON;FRHXP;87751420;;
473 207;05/02/2013;GGP;Guingamp;10/05/2012;;FRGGP;87473207;;
722 439;05/03/2013;GIC;Givors Canal;OUI;;FRAEO;87722439;;
684 290;Via WS SUM VaQ Copyright SNCFProximités 13/12/2012;GIE;Gien;01/01/2013;;FRGOH;87684290;;
381 244;29/10/2013;GIS;Gisors;NON;NON;FRDCP;87381244;;
722 405;29/01/2013;GIV;Givors;OUI;;FRHEE;87722405;;
181 552;09/04/2013;GLL;Saint-Gilles;OUI;;FRBIW;87181552;;
713 313;21/05/2013;GLS;Genlis;OUI;;FRGWP;87713313;;
775 213;Via WS SUM Sans VaQ Copyright SNCFProximités 13/12/2012;GNC;Génolhac;01/01/2013;;FRIJY;87775213;;
747 477;Avant Avril 2011;GOC;Goncelin;17/02/2012;NON;FRHVX;87747477;;
613 141;Via WS SUM VaQ Copyright SNCFProximités 13/12/2012;GOV;Gourdon;02/09/2011;;FRFSI;87613141;;
212 258;14/05/2013;GPM;Geispolsheim;OUI;;FRBUO;87212258;;
757 724;16/04/2013;GRA;Grasse;OUI;;FRIBL;87757724;;
747 006;Avant Avril 2011;GRE;Grenoble;OUI;OUI;FRGNB;87747006;;
212 241;21/05/2013;GRF;Graffenstaden;OUI;;FRBUN;87212241;;
747 402;02/09/2011;GRS;Grenoble Universités Gières;OUI;NON;FRHVS;87747402;;
613 059;Via WS SUM Sans VaQ Copyright SNCFProximités 13/12/2012;GRT;Gramat;01/01/2013;;FRFSB;87613059;;
447 680;Avant Avril 2011;GRV;Granville;OUI;NON;FRGFR;87447680;;
182 386;05/03/2013;GSB;Gunsbach - Griesbach;OUI;vides;FRBJV;87182386;;
746 248;Avant Avril 2011;GTC;Groisy - Thorens la Caille;17/02/2012;NON;FRHTO;87746248;;
673 459;Via WS SUM Sans VaQ Copyright SNCFProximités 13/12/2012;GTH;Guéthary;01/01/2013;;FRGHG;87673459;;
597 609;Via WS SUM Sans VaQ Copyright SNCFProximités 13/12/2012;GTJ;Guéret;02/09/2011;;FRXGT;87597609;;
172 130;23/04/2013;GVT;Givet;OUI;;FRBDK;87172130;;
214 254;23/04/2013;GWL;Gertwiller;OUI;;FRBXS;87214254;;
214 270;23/04/2013;GXW;Goxwiller;OUI;;FRBXT;87214270;;
182 089;16/04/2013;HAB;Habsheim;OUI;;FRBJC;87182089;;
213 058;29/10/2013;HAG;Haguenau;NON;NON;FRHAG;87213058;;
313 114;05/03/2013;HAS;Hangest-sur-Somme;OUI;;FRCQQ;87313114;;
191 239;Via WS SUM Sans VaQ Copyright SNCFProximités 13/12/2012;HAY;Hayange;01/01/2013;;FRBNT;87191239;;
212 167;16/04/2013;HCH;Hochfelden;OUI;;FRBUH;87212167;;
677 005;Avant Avril 2011;HED;Hendaye;OUI;OUI;FRAEF;87677005;;
313 692;21/05/2013;HEE;Herchies;OUI;;FRCSD;87313692;;
476 259;Via WS SUM Sans VaQ Copyright SNCFProximités 13/12/2012;HEN;Hennebont;01/01/2013;;FRECK;87476259;;
191 114;29/10/2013;HGD;Hagondange;NON;NON;FRHGD;87191114;;
295 063;Via WS SUM Sans VaQ Copyright SNCFProximités 13/12/2012;HIQ;Hirson;01/01/2013;;FRHIR;87295063;;
213 686;16/04/2013;HOD;Hoerdt;OUI;;FRBWT;87213686;;
214 510;14/05/2013;HOZ;Holtzheim;OUI;;FRBYL;87214510;;
313 882;Avant Avril 2011;HPI;TGV Haute Picardie;OUI;NON;FRTHP;87313882;;
677 104;Via WS SUM Sans VaQ Copyright SNCFProximités 13/12/2012;HPZ;Les Deux-Jumeaux;01/01/2013;;FRGJU;87677104;;
755 629;Avant Avril 2011;HYE;Hyères;23/03/2012;OUI;FRXHE;87755629;;
172 106;14/05/2013;HYM;Haybes;OUI;;FRBDH;87172106;;
286 302;Avant Avril 2011;HZK;Hazebrouk;26/04/2012;OUI;FRHZK;87286302;;
213 785;16/04/2013;IGW;Ingwiller;OUI;;FRBWZ;87213785;;
761 239;05/02/2013;ISA;L'Isle d'Abeau;OUI;;FRIEV;87761239;;
597 062;Via WS SUM Sans VaQ Copyright SNCFProximités 13/12/2012;ISK;Issoudun;01/01/2013;;FRFMN;87597062;;
734 202;Via WS SUM Sans VaQ Copyright SNCFProximités 13/12/2012;ISS;Issoire;01/01/2013;;FRHLB;87734202;;
713 859;Via WS SUM Sans VaQ Copyright SNCFProximités 13/12/2012;IST;Is sur Tille;01/01/2013;;FRGYB;87713859;;
144 089;05/03/2013;IYA;Igney;OUI;vides;FRAXR;87144089;;
141 010;09/04/2013;JAR;Jarville-la-Malgrange;OUI;;FRJAM;87141010;;
172 031;14/05/2013;JGY;Joigny-sur-Meuse;OUI;;FRBDA;87172031;;
491 142;Via WS SUM Sans VaQ Copyright SNCFProximités 13/12/2012;JOH;Jonzac;01/01/2013;;FREMR;87491142;;
683 243;19/04/2012;JOI;Joigny;26/04/2012;NON;FRGMU;87683243;;
175 091;Via WS SUM Sans VaQ Copyright SNCFProximités 13/12/2012;JQI;Joinville;01/01/2013;;FRBGN;87175091;;
295 014;26/02/2013;JTJ;Jeumont;OUI;;FRCMA;87295014;;
545 244;Via WS SUM Sans VaQ Copyright SNCFProximités 16/05/2012;JYG;Juvisy TGV;10/05/2012;;FRJSY;87545244;;
214 114;21/05/2013;KEN;Kogenheim;OUI;;FRBXJ;87214114;;
721 241;09/04/2013;KMD;Couzon-au-Mont-d'Or;OUI;;FRHCI;87721241;;
611 939;09/04/2013;KPL;Lardenne;OUI;;FRFRQ;87611939;;
338 525;26/02/2013;KRI;Krimmeri Meinau;OUI;;FRKRI;87338525;;
725 713;09/04/2013;KSA;Crêches-sur-Saône;OUI;;FRHGV;87725713;;
213 660;14/05/2013;KUR;Kurtzenhouse;OUI;;FRBWR;87213660;;
543 017;Avant Avril 2011;LAB;Les Aubrais Orléans;OUI;OUI;FRLAB;87543017;;
755 447;Avant Avril 2011;LAC;Les Arcs Draguignan;OUI;OUI;FRXRS;87755447;;
444 638;11/12/2012;LAE;L'Aigle;20/12/2012;;FRDSQ;87444638;;
142 091;Avant Avril 2011;LAG;Langres;23/03/2012;NON;FRLAG;87142091;;
478 404;Avant Avril 2011;LAL;Laval;OUI;OUI;FRACR;87478404;;
473 108;Avant Avril 2011;LAM;Lamballe;23/03/2012;NON;FRLAM;87473108;;
296 012;29/01/2013;LAO;Laon;OUI;;FRDKM;87296012;;
641 274;Via WS SUM Sans VaQ Copyright SNCFProximités 13/12/2012;LAQ;Laqueuille;01/01/2013;;FRLAQ;87641274;;
683 268;Avant Avril 2011;LAR;Laroche Migennes;OUI;OUI;FRISI;87683268;;
696 195;19/04/2012;LAT;La Charité sur Loire;26/04/2012;NON;FRGSL;87696195;;
741 777;04/04/2013;LAY;Landry;02/09/2011;NON;FRHPG;87741777;;
781 583;Via WS SUM Sans VaQ Copyright SNCFProximités 13/12/2012;LBD;Le Bousquet d'Orb;01/01/2013;;FRIMG;87781583;;
481 754;Avant Avril 2011;LBE;La Baule Escoublac;OUI;OUI;FRJEE;87481754;;
721 431;29/01/2013;LBL;L'Arbresle;OUI;;FRLBL;87721431;;
775 171;Via WS SUM Sans VaQ Copyright SNCFProximités 13/12/2012;LBS;La Bastide Saint-Laurent-les-Bains;01/01/2013;;FRLBS;87775171;;
295 220;Via WS SUM VaQ Copyright SNCFProximités 13/12/2012;LCA;Le Cateau;01/01/2013;;FRCMG;87295220;;
481 788;19/04/2012;LCC;Le Croisic;26/04/2012;OUI;FREGU;87481788;;
726 711;05/03/2013;LCF;Le Chambon-Feugerolles;OUI;;FRHIM;87726711;;
694 109;Avant Avril 2011;LCM;Le Creusot TGV (Monceau Montchanin);OUI;OUI;FRXCC;87694109;;
726 828;26/02/2013;LCU;Le Coteau;OUI;;FRLCU;87726828;;
417 501;Avant Avril 2011;LCW;Lancey;17/02/2012;NON;FRLEY;87417501;;
761 874;Via WS SUM Sans VaQ Copyright SNCFProximités 13/12/2012;LDE;Luc en Diois;01/01/2013;;FRIFP;87761874;;
474 239;Avant Avril 2011;LDO;Landerneau;23/03/2012;NON;FRXLD;87474239;;
671 339;Avant Avril 2011;LDS;Lourdes;OUI;NON;FRLDE;87671339;;
763 557;11/12/2012;LEE;L'Argentière les Ecrins;20/12/2012;;FRIHC;87763557;;
396 002;Avant Avril 2011;LEN;Le Mans;OUI;OUI;FRAET;87396002;;
781 088;11/12/2012;LEU;Leucate la-Franqui - Pas d'Arrivées;20/12/2012;;FRILQ;87781088;;
223 263;Avant Avril 2011;LEW;Lille Europe;OUI;OUI;FRLLE;87223263;;
734 442;02/09/2011;LEZ;Lezoux;OUI;NON;FRHLS;87734442;;
726 232;05/03/2013;LFI;La Fouillouse;OUI;;FRHHL;87726232;;
172 072;14/05/2013;LFU;Laifour;OUI;;FRBDE;87172072;;
182 543;05/03/2013;LFZ;Luttenbach-près-Munster;OUI;vides;FRBKK;87182543;;
775 254;Via WS SUM Sans VaQ Copyright SNCFProximités 13/12/2012;LGC;Grand Combe la Pise;01/01/2013;;FRIKC;87775254;;
734 350;Via WS SUM Sans VaQ Copyright SNCFProximités 13/12/2012;LGG;Langogne;01/01/2013;;FRHLM;87734350;;
214 502;14/05/2013;LGH;Lingolsheim;OUI;;FRBYK;87214502;;
747 220;Avant Avril 2011;LGL;Le Grand Lemps;23/03/2012;NON;FRHVK;87747220;;
194 274;Via WS SUM Sans VaQ Copyright SNCFProximités 13/12/2012;LGN;Longuyon;01/01/2013;;FRLGN;87194274;;
313 122;26/02/2013;LGP;Longpré-les-Corps-Saints;OUI;;FRCQR;87313122;;
413 013;Avant Avril 2011;LHA;Le Havre;OUI;OUI;FRAEZ;87413013;;
481 416;Avant Avril 2011;LHE;La Haie Fouassière;23/03/2012;NON;FREFZ;87481416;;
212 274;21/05/2013;LHJ;Limersheim;OUI;;FRBUQ;87212274;;
611 517;Via WS SUM Sans VaQ Copyright SNCFProximités 13/12/2012;LHT;L'Hospitalet pres l'Andorre;01/01/2013;;FRFQG;87611517;;
584 052;Avant Avril 2011;LIB;Libourne;OUI;OUI;FRXLR;87584052;;
481 762;Via WS SUM Sans VaQ Copyright SNCFProximités 16/05/2012;LIG;Le Pouliguen;10/05/2012;;FREGS;87481762;;
611 806;05/02/2013;LIJ;L'Isle Jourdain;OUI;;FRFRD;87611806;;
592 006;Avant Avril 2011;LIM;Limoges Bénédictins;OUI;OUI;FRAGQ;87592006;;
444 265;Avant Avril 2011;LIS;Lisieux;OUI;NON;FRXLX;87444265;;
761 247;05/03/2013;LIV;Livron;OUI;;FRLIV;87761247;;
282 624;20/09/2011;LJC;Lyon Jean Macé;OUI;OUI;FRHTF   ;87282624;;
713 115;26/02/2013;LLA;Les Laumes Alésia;OUI;;FRGWC;87713115;;
286 005;Avant Avril 2011;LLF;Lille Flandres;OUI;OUI;FRADJ;87286005;;
718 239;Avant Avril 2011;LLS;Lons le Saunier;OUI;OUI;FRXLL;87718239;;
141 150;Avant Avril 2011;LNE;Lunéville;OUI;OUI;FRLNE;87141150;;
734 319;Via WS SUM Sans VaQ Copyright SNCFProximités 13/12/2012;LNG;Langeac;01/01/2013;;FRHLI;87734319;;
473 223;Avant Avril 2011;LNI;Lannion;23/03/2012;NON;FRLAI;87473223;;
345 025;Avant Avril 2011;LNS;Lens;OUI;OUI;FRXLE;87345025;;
671 123;Via WS SUM Sans VaQ Copyright SNCFProximités 13/12/2012;LNZ;Lannemezan;02/09/2011;;FRLNZ;87671123;;
182 345;05/03/2013;LOJ;Logelbach;OUI;vides;FRBJR;87182345;;
761 262;05/03/2013;LOL;Loriol;OUI;;FRIEW;87761262;;
116 137;Via WS SUM Sans VaQ Copyright SNCFProximités 13/12/2012;LON;Longueville;01/01/2013;;FRLON;87116137;;
721 423;29/01/2013;LOZ;Lozanne;OUI;;FRLOZ;87721423;;
741 439;21/05/2013;LPL;Lépin-le-Lac - La Bauche;OUI;;FRHOM;87741439;;
484 337;14/05/2013;LPO;La Possonnière;OUI;;FRLPO;87484337;;
722 025;Avant Avril 2011;LPR;Lyon Perrache;OUI;OUI;FRLPE;87722025;;
734 699;02/09/2011;LPU;Le Puy en Velay;OUI;NON;FRLPY;87734699;;
485 003;Avant Avril 2011;LRE;La Rochelle;OUI;OUI;FRLRH;87485003;;
746 305;02/09/2011;LRF;La Roche sur Foron;OUI;NON;FRLRF;87746305;;
486 258;Via WS SUM Sans VaQ Copyright SNCFProximités 13/12/2012;LRK;Luçon;01/01/2013;;FRLCN;87486258;;
726 703;05/03/2013;LRM;La Ricamarie;OUI;;FRHIL;87726703;;
476 002;Avant Avril 2011;LRT;Lorient;OUI;NON;FRLRT;87476002;;
486 019;Avant Avril 2011;LRY;La Roche sur Yon;OUI;OUI;FRXRO;87486019;;
722 298;05/03/2013;LSB;Grigny le Sablon;OUI;;FRHEB;87722298;;
447 219;10/10/2012;LSN;Lison;OUI;;;87447219;;
486 449;09/05/2012;LSO;Les Sables d'Olonne;10/05/2012;NON;FRLSO;87486449;;
721 159;29/01/2013;LSP;Lyon Saint-Paul - Pas d'Arrivées;OUI;;FRLSP;87721159;;
592 378;Via WS SUM VaQ Copyright SNCFProximités 16/05/2012;LST;La Souterraine;02/09/2011;;FRLST;87592345;;
611 483;11/12/2012;LTL;Latour de Carol Enveitg;20/12/2012;;FRXTE;87611483;;
317 529;Via WS SUM Sans VaQ Copyright SNCFProximités 13/12/2012;LTM;Le Tréport Mers les Bains;01/01/2013;;FRCWV;87317529;;
723 478;29/01/2013;LTP;La Tour du Pin;OUI;;FRHFB;87723478;;
721 555;05/02/2013;LTY;Lentilly;OUI;;FRHCY;87721555;;
313 049;Avant Avril 2011;LUA;Longueau;OUI;OUI;FRCQL;87313049;;
611 236;Via WS SUM Sans VaQ Copyright SNCFProximités 13/12/2012;LUC;Luchon;01/01/2013;;FRXLH;87611236;;
611 558;Via WS SUM Sans VaQ Copyright SNCFProximités 13/12/2012;LUG;Luzenac-Garanou;01/01/2013;;FRFQI;87611558;;
773 408;29/01/2013;LUN;Lunel;OUI;;FRIJB;87773408;;
185 249;19/04/2012;LUR;Lure;26/04/2012;NON;FRLUR;87185249;;
721 001;29/01/2013;LVI;Lyon Vaise;OUI;;FRHCD;87721001;;
194 001;Avant Avril 2011;LWY;Longwy;OUI;OUI;FRLWY;87194001;;
723 197;Avant Avril 2011;LYD;Lyon Part Dieu;OUI;OUI;FRLPD;87723197;;
611 921;05/02/2013;LYF;Colomiers Lycee International;OUI;;FRFRP;87611921;;
721 175;29/01/2013;LYL;Lyon Gorge de Loup;OUI;;FRLYL;87721175;;
615 112;janv.-13;LZA;Lézignan Corbières;janv.-13;;FRFUX;87615112;;
611 178;Via WS SUM Sans VaQ Copyright SNCFProximités 13/12/2012;LZB;Loures Barbazan;01/01/2013;;FRFPK;87611178;;
725 689;Avant Avril 2011;MAC;Mâcon;OUI;OUI;FRHGU;87725689;;
313 726;21/05/2013;MAI;Marseille-en-Beauvaisis;OUI;;FRCSH;87313726;;
753 004;Avant Avril 2011;MAS;Miramas;OUI;OUI;FRMAZ;87753004;;
783 001;11/12/2012;MAU;Millau;20/12/2012;;FRMAU;87783001;;
713 131;02/09/2011;MBA;Montbard;OUI;OUI;FRGWE;87713131;;
751 081;Via WS SUM VaQ Copyright SNCFProximités 13/12/2012;MBC;Marseille-Blancarde;01/01/2013;;FRMBC;87751081;;
184 523;Avant Avril 2011;MBD;Montbéliard;OUI;NON;FRXMF;87184523;;
295 006;19/04/2012;MBG;Maubeuge;10/05/2012;NON;FRXME;87295006;;
611 244;Avant Avril 2011;MBN;Montauban Ville Bourbon;OUI;OUI;FRXMW;87611244;;
718 833;19/04/2012;MCD;Mouchard;10/05/2012;NON;FRMCD;87718833;;
694 307;19/04/2012;MCH;Montchanin;26/04/2012;NON;FRMCH;87694307;;
745 588;Avant Avril 2011;MCI;Machilly;17/02/2012;NON;FRHSK;87745588;;
673 103;Via WS SUM Sans VaQ Copyright SNCFProximités 13/12/2012;MCX;Morcenx;01/01/2013;;FRMCX;87673103;;
783 605;05/03/2013;MDE;Mende;OUI;vides;FRMEN;87783605;;
194 209;Via WS SUM Sans VaQ Copyright SNCFProximités 13/12/2012;MDY;Montmédy;01/01/2013;;FRBTI;87194209;;
741 280;21/05/2013;MEE;Épierre - Saint-Léger;OUI;;FRHOH;87741280;;
682 005;23/04/2013;MEL;Melun;OUI;;FRMEL;87682005;;
756 486;Avant Avril 2011;MEN;Menton;OUI;OUI;FRXMT;87756486;;
611 038;11/12/2012;MET;Muret;20/12/2012;;FRFOZ;87611038;;
723 585;29/01/2013;MEX;Meximieux - Pérouges;OUI;;FRHFJ;87723585;;
444 208;11/12/2012;MEZ;Mézidon;20/12/2012;;FRMEZ;87444208;;
747 691;14/05/2013;MFE;Moirans la Galifette;OUI;;FRHWN;87747691;;
781 666;11/12/2012;MGA;Magalas;20/12/2012;;FRIMK;87781666;;
746 412;Avant Avril 2011;MGD;Magland;17/02/2012;NON;FRHUB;87746412;;
574 137;Via WS SUM VaQ Copyright SNCFProximités 13/12/2012;MGL;Meung-sur-Loire;01/01/2013;;FREUC;87574137;;
182 733;03/04/2013;MHK;Muhlbach-sur-Munster;OUI;;FRBLC;87182733;;
214 130;21/05/2013;MHW;Matzenheim;OUI;;FRBXL;87214130;;
734 871;11/12/2012;MIA;Massiac-Blesle;20/12/2012;;FRHMY;87734871;;
723 528;05/02/2013;MIB;Miribel;OUI;;FRHFE;87723528;;
723 726;03/04/2013;MIO;Mionnay;OUI;;FRHFN;87723726;;
725 705;Avant Avril 2011;MLH;Mâcon Loché TGV;OUI;OUI;FRMLT;87725705;;
641 001;Avant Avril 2011;MLN;Montluçon;OUI;OUI;FRMCU;87641001;;
174 409;Via WS SUM Sans VaQ Copyright SNCFProximités 13/12/2012;MLP;Mourmelon le Petit;01/01/2013;;FRBFV;87174409;;
586 453;Via WS SUM Sans VaQ Copyright SNCFProximités 13/12/2012;MLS;Monsempron Libos;01/01/2013;;FRMLS;87586453;;
723 569;29/01/2013;MLU;Montluel;OUI;;FRHFI;87723569;;
111 849;Avant Avril 2011;MLV;Marne la Vallée Chessy;OUI;OUI;FRMLV;87111849;;
444 083;janv-13;MLW;Le Molay Littry;20/12/2012;;FRDRM;87444083;;
611 525;Via WS SUM Sans VaQ Copyright SNCFProximités 13/12/2012;MLX;Mérens les Vals;01/01/2013;;FRFQH;87611525;;
586 545;Via WS SUM Sans VaQ Copyright SNCFProximités 13/12/2012;MMD;Marmande;01/01/2013;;FRXMR;87586545;;
172 056;23/04/2013;MME;Monthermé;OUI;;FRBDC;87172056;;
741 181;02/09/2011;MML;Montmélian;OUI;NON;FRMML;87741181;;
671 016;Avant Avril 2011;MMR;Mont de Marsan;OUI;OUI;FRXMJ;87671016;;
191 106;16/04/2013;MMZ;Maizières-lès-Metz;OUI;;FRBNP;87191106;;
756 403;Avant Avril 2011;MNA;Monaco - Monte Carlo;OUI;OUI;FRXMM;87756403;;
747 329;Avant Avril 2011;MOA;Moirans;17/02/2012;NON;FRABZ;87747329;;
726 448;05/02/2013;MOB;Montbrison;OUI;;FRHHW;87726448;;
742 007;Avant Avril 2011;MOD;Modane;OUI;OUI;FRAGR;87742007;;
763 508;11/12/2012;MOG;Montdauphin-Guillestre;20/12/2012;;FRIGZ;87763508;;
212 142;16/04/2013;MOH;Mommenheim;OUI;;FRMOH;87212142;;
214 577;29/10/2013;MOL;Molsheim;NON;NON;FRMOL;87214577;;
682 278;07/10/2013;MOR;Moret - Veneux-les-Sablons;01/01/2013;;FRMOR;87682278;;
741 728;Avant Avril 2011;MOS;Moutiers - Salins - Brides les Bains;OUI;NON;FRQMU;87741728;;
595 322;Via WS SUM Sans VaQ Copyright SNCFProximités 13/12/2012;MPI;Montpon Ménestérol;01/01/2013;;FRFLL;87595322;;
773 002;Avant Avril 2011;MPL;Montpellier Saint-Roch;OUI;OUI;FRMPL;87773002;;
393 702;17/01/2012;MPW;Massy TGV ;OUI (RA+RD au 17/01/2012);OUI;FRDJU;87393702;;
726 885;26/02/2013;MRB;Montrond-les-Bains;OUI;;FRHJC;87726885;;
746 347;Avant Avril 2011;MRG;Marignier;17/02/2012;NON;FRHTW;87746347;;
715 441;19/04/2012;MRZ;Morez;26/04/2012;NON;FRGZG;87715441;;
696 328;Avant Avril 2011;MSA;Moulins sur Allier;OUI;OUI;FRXMU;87696328;;
611 194;Via WS SUM Sans VaQ Copyright SNCFProximités 13/12/2012;MSB;Marignac-Saint-Béat;01/01/2013;;FRFPM;87611194;;
751 008;Avant Avril 2011;MSC;Marseille Saint-Charles;OUI;OUI;FRMSC;87751008;;
182 063;Avant Avril 2011;MSE;Mulhouse;OUI;OUI;FRAEK;87182063;;
684 001;Via WS SUM Sans VaQ Copyright SNCFProximités 13/12/2012;MSR;Montargis;01/01/2013;;FRGNX;87684001;;
594 820;02/09/2011;MST;Masseret;OUI;NON;FRFKP;87594820;;
381 509;19/04/2012;MTE;Mantes La Jolie;10/05/2012;NON;FRMTE;87381509;;
611 152;Via WS SUM Sans VaQ Copyright SNCFProximités 13/12/2012;MTJ;Montréjeau-Gourdan Polignan;01/01/2013;;FRMTJ;87611152;;
213 603;14/05/2013;MTK;Marienthal;OUI;;FRBWP;87213603;;
381 590;23/04/2013;MTQ;Mantes Station - Pas de provenance dans les Arrivées;OUI;;FRDDK;87381590;;
764 001;Avant Avril 2011;MTR;Montélimar;OUI;NON;FRXMK;87764001;;
682 302;23/04/2013;MTU;Montereau;OUI;;FRMTU;87682302;;
214 585;29/05/2013;MTZ;Mutzig;OUI;;FRBYQ;87214585;;
386 540;03/04/2013;MUB;Munster Badischhof;OUI;;FRMUB;87386540;;
212 100;14/05/2013;MUM;Mundolsheim;OUI;;FRBUB;87212100;;
645 481;17/01/2012;MUR;Murat;OUI;NON;FRGCG;87645481;;
595 298;Via WS SUM Sans VaQ Copyright SNCFProximités 13/12/2012;MUS;Mussidan;01/01/2013;;FRFLJ;87595298;;
182 394;29/01/2013;MUT;Munster;OUI;;FRMUS;87182394;;
401 323;23/04/2013;MUU;Mouans-Sartoux;OUI;;FRMSE;87401323;;
783 282;11/12/2012;MVJ;Marvejols;20/12/2012;;FRINE;87783282;;
611 814;03/04/2013;MWE;Mérenvielle;OUI;;FRFRE;87611814;;
723 767;05/03/2013;MXC;Marlieux - Chatillon;OUI;;FRHFR;87723767;;
474 338;24/05/2012;MXR;Morlaix;22/05/2012;NON;FRMXN;87474338;;
594 275;Via WS SUM Sans VaQ Copyright SNCFProximités 13/12/2012;MYC;Meymac;01/01/2013;;FRMYC;87594275;;
313 700;21/05/2013;MYH;Milly-sur-Thérain;OUI;;FRCSE;87313700;;
192 039;Avant Avril 2011;MZE;Metz;OUI;OUI;FRADE;87192039;;
182 816;03/04/2013;MZL;Metzeral;OUI;;FRBLF;87182816;;
741 694;09/04/2013;NAB;Notre-Dame de Briançon;OUI;;FRHPB;87741694;;
781 104;Avant Avril 2011;NBN;Narbonne;OUI;OUI;FRXNA;87781104;;
141 291;Via WS SUM Sans VaQ Copyright SNCFProximités 16/05/2012;NCH;Neufchateau;10/05/2012;;FRNCH;87141291;;
141 002;Avant Avril 2011;NCY;Nancy;OUI;OUI;FRENC;87141002;;
595 512;Via WS SUM Sans VaQ Copyright SNCFProximités 13/12/2012;NEC;Niversac;01/01/2013;;FRNEC;87595512;;
645 507;Via WS SUM Sans VaQ Copyright SNCFProximités 13/12/2012;NEU;Neussargues;01/01/2013;;FRNEU;87645507;;
743 351;19/04/2012;NEX;Nurieux;26/04/2012;NON;FRHQN;87743351;;
684 274;Via WS SUM VaQ Copyright SNCFProximités 13/12/2012;NGI;Nogent-sur-Vernisson;01/01/2013;;FRGOG;87684274;;
756 056;Avant Avril 2011;NIC;Nice;OUI;OUI;FRNIC;87756056;;
775 007;Avant Avril 2011;NMS;Nîmes;OUI;OUI;FRFNI;87775007;;
317 396;10/10/2012;NOE;Noyelles sur Mer;OUI;;;87317396;;
118 190;Via WS SUM Sans VaQ Copyright SNCFProximités 13/12/2012;NOG;Nogent sur Seine;01/01/2013;;FRAPM;87118190;;
172 023;14/05/2013;NOU;Nouzonville;OUI;;FRBCZ;87172023;;
276 782;Via WS SUM Sans VaQ Copyright SNCFProximités 13/12/2012;NOY;Noyon;01/01/2013;;FRCHT;87276782;;
485 300;Avant Avril 2011;NRT;Niort;OUI;OUI;FRNIT;87485300;;
172 213;Via WS SUM Sans VaQ Copyright SNCFProximités 13/12/2012;NSM;Nouvion sur Meuse;01/01/2013;;FRBDP;87172213;;
684 126;Via WS SUM Sans VaQ Copyright SNCFProximités 13/12/2012;NSP;Nemours Saint-Pierre;01/01/2013;;FRGOA;87684126;;
481 002;Avant Avril 2011;NTS;Nantes;OUI;OUI;FRNTE;87481002;;
713 529;19/04/2012;NUI;Nuits Saint-Georges;26/04/2012;NON;FRGXC;87713529;;
559 070;14/05/2013;NVB;Nevers le Banlay;OUI;;FRNLB;87559070;;
696 005;Avant Avril 2011;NVS;Nevers;OUI;OUI;FRNVS;87696005;;
214 288;29/10/2013;OBE;Obernai;NON;NON;FRBXU;87214288;;
213 165;16/04/2013;OBM;Obermodern;OUI;;FROBM;87213165;;
765 107;19/04/2012;OGE;Orange;26/04/2012;OUI;FRXOG;87765107;;
543 009;Avant Avril 2011;ORL;Orléans;OUI;OUI;FRAFK;87543009;;
672 253;11/05/2011;ORT;Orthez;OUI;OUI;FRGFI;87672253;;
411 207;08/12/2011;OSL;Oissel;10/05/2012;NON;FROIL;87411207;;
722 207;03/04/2013;OUL;Oullins;OUI;;FRHDV;87722207;;
574 319;Via WS SUM VaQ Copyright SNCFProximités 13/12/2012;OZA;Onzain;01/01/2013;;FREUL;87574319;;
141 820;29/01/2013;PAM;Pont-à-Mousson;OUI;;FRATW;87141820;;
672 006;Avant Avril 2011;PAU;Pau;OUI;OUI;FRAEE;87672006;;
547 000;Avant Avril 2011;PAZ;Paris Austerlitz;OUI;OUI;FRPAZ;87547000;;
611 830;26/02/2013;PBR;Pibrac;OUI;;FRFRG;87611830;;
686 667;Avant Avril 2011;PBY;Paris Bercy;OUI;OUI;FRPBE;87686667;;
747 493;02/09/2011;PCA;Pontcharra sur Breda - Allevard;OUI;NON;FRHVZ;87747493;;
481 846;Via WS SUM Sans VaQ Copyright SNCFProximités 13/12/2012;PCU;Pontchâteau;01/01/2013;;FRPCT;87481846;;
734 459;02/09/2011;PDO;Pont de Dore;OUI;NON;FRPDO;87734459;;
745 620;Avant Avril 2011;PEG;Pérrignier;17/02/2012;NON;FRHSN;87745620;;
751 362;14/05/2013;PER;Pertuis;OUI;;FRHXN;87751362;;
113 001;Avant Avril 2011;PES;Paris Est;OUI;OUI;FRPST;87113001;;
;11/05/2011;PES_TRANS;Paris Est Transilien;OUI;;;;;
722 678;29/01/2013;PGR;Le Péage-de-Roussillon;OUI;;FRHEN;87722678;;
746 206;02/09/2011;PGY;Pringy Haute Savoie;OUI;NON;FRHTK;87746206;;
313 106;03/04/2013;PIQ;Picquigny;OUI;;FRCQP;87313106;;
481 424;Avant Avril 2011;PLL;Le Pallet;23/03/2012;NON;FREGA;87481424;;
694 687;19/04/2012;PLM;Paray le Monial;26/04/2012;NON;FRPLM;87694687;;
781 062;11/12/2012;PLN;Port la Nouvelle;20/12/2012;;FRILP;87781062;;
473 181;Avant Avril 2011;PLT;Plouaret - Trégor;23/03/2012;NON;FRPLT;87473181;;
686 006;Avant Avril 2011;PLY;Paris Gare de Lyon;OUI;OUI;FRPLY;87686006;;
192 468;16/04/2013;PMO;Pagny-sur-Moselle;OUI;;FRBQA;87192468;;
391 003;Avant Avril 2011;PMP;Paris Montparnasse;OUI;OUI;FRPMO;87391003;;
;11/05/2011;PMP_TRANS;Paris Montparnasse Transilien;OUI;;;;;
611 343;04/04/2013;PMS;Pamiers;NON;;FRPMS;87611343;;
586 438;Via WS SUM Sans VaQ Copyright SNCFProximités 13/12/2012;PNE;Penne (Lot-et-Garonne);01/01/2013;;FRFFO;87586438;;
721 464;03/04/2013;PNF;Pontcharra - Saint-Forgeux;OUI;;FRHCS;87721464;;
481 747;Via WS SUM Sans VaQ Copyright SNCFProximités 16/05/2012;PNI;Pornichet;10/05/2012;;FREGR;87481747;;
271 007;Avant Avril 2011;PNO;Paris Nord;OUI;OUI;FRPNO;87271007;;
725 721;09/04/2013;PNX;Pontanevaux;OUI;;FRHGW;87725721;;
741 470;21/05/2013;POB;Pont-de-Beauvoisin;OUI;;FRHOQ;87741470;;
761 742;Avant Avril 2011;POS;Poliénas;17/02/2012;NON;FRIFI;87761742;;
784 264;11/12/2012;POV;Port Vendres;20/12/2012;;FRXPV;87784264;;
141 788;14/05/2013;PPE;Pompey;OUI;;FRATS;87141788;;
611 509;Via WS SUM Sans VaQ Copyright SNCFProximités 13/12/2012;PPM;Porte Puymorens;01/01/2013;;FRFQF;87611509;;
784 009;Avant Avril 2011;PPN;Perpignan;OUI;OUI;FRPGF;87784009;;
722 231;03/04/2013;PRB;Pierre-Bénite;OUI;;FRHDW;87722231;;
672 337;Via WS SUM Sans VaQ Copyright SNCFProximités 13/12/2012;PRH;Peyrehorade;01/01/2013;;FRGFL;87672337;;
764 308;05/02/2013;PRL;Pierrelatte;OUI;;FRIHN;87764308;;
313 130;03/04/2013;PRM;Pont-Remy;OUI;;FRCQS;87313130;;
384 008;Avant Avril 2011;PSL;Paris Saint-Lazare;OUI;OUI;FRPSL;87384008;;
;19/04/2012;PSL_TRANS;Paris Saint-Lazare Transilien;OUI;;;;;
611 400;29/01/2013;PSS;Portet Saint-Simon;OUI;;FRPSS;87611400;;
575 001;Avant Avril 2011;PST;Poitiers;OUI;OUI;FRPIS;87575001;;
696 211;04/04/2013;PSU;Pougues les Eaux;NON;;FRGSN;87696211;;
715 003;02/09/2011;PTL;Pontarlier;OUI;OUI;FRPTL;87715003;;
672 279;Via WS SUM Sans VaQ Copyright SNCFProximités 13/12/2012;PUO;Puyoô;01/01/2013;;FRPUO;87672279;;
444 349;Via WS SUM Sans VaQ Copyright SNCFProximités 13/12/2012;PVQ;Pont l'Évèque;01/01/2013;;FRPVQ;87444349;;
276 329;Via WS SUM Sans VaQ Copyright SNCFProximités 13/12/2012;PXE;Pont Sainte-Maxence;01/01/2013;;FRCGC;87276329;;
595 009;Avant Avril 2011;PXR;Périgueux;OUI;OUI;FRABF;87595009;;
144 428;21/05/2013;PXX;Pouxeux;OUI;;FRAYR;87144428;;
696 179;Via WS SUM Sans VaQ Copyright SNCFProximités 13/12/2012;PYL;Pouilly sur Loire;01/01/2013;;FRGSJ;87696179;;
276 410;21/05/2013;PYO;Précy-sur-Oise;OUI;;FRCGK;87276410;;
476 317;Via WS SUM Sans VaQ Copyright SNCFProximités 16/05/2012;QPL;Quimperlé;10/05/2012;;FRECO;87476317;;
474 098;Avant Avril 2011;QPR;Quimper;OUI;OUI;FRUIP;87474098;;
476 671;Via WS SUM Sans VaQ Copyright SNCFProximités 13/12/2012;QUE;Questembert;01/01/2013;;FREDF;87476671;;
721 290;03/04/2013;QUX;Quincieux;OUI;;FRHCK;87721290;;
353 581;09/04/2013;RAM;Les Ramassiers;OUI;;FRRAR;87353581;;
613 042;Via WS SUM Sans VaQ Copyright SNCFProximités 13/12/2012;RAP;Rocamadour-Padirac;01/01/2013;;FRFSA;87613042;;
747 279;Avant Avril 2011;RCS;Réaumont Saint-Cassien;17/02/2012;NON;FRHVN;87747279;;
485 144;19/04/2012;RCT;Rochefort;26/04/2012;OUI;FRRCO;87485144;;
317 057;Via WS SUM VaQ Copyright SNCFProximités 16/05/2012;RDF;Rang du Fliers - Verton - Berck;10/05/2012;;FRCVU;87317057;;
215 079;14/05/2013;RDG;Réding;OUI;;FRBZM;87215079;;
471 300;Avant Avril 2011;RDN;Redon;OUI;NON;FRXRN;87471300;;
613 422;Avant Avril 2011;RDZ;Rodez;OUI;OUI;FRRDZ;87613422;;
746 511;Avant Avril 2011;REI;Reignier;17/02/2012;NON;FRHUF;87746511;;
471 003;Avant Avril 2011;RES;Rennes;OUI;OUI;FRRNS;87471003;;
734 749;02/09/2011;RET;Retournac;OUI;NON;FRHMS;87734749;;
757 732;14/05/2013;RGN;Ranguin;OUI;;FRIBM;87757732;;
726 331;29/01/2013;RGR;Rive-de-gier;OUI;;FRHHQ;87726331;;
721 050;03/04/2013;RGY;Régny;OUI;;FRHCG;87721050;;
182 071;29/05/2013;RHE;Rixheim;OUI;;FRBJB;87182071;;
725 739;09/04/2013;RHR;Romanèche-Thorins;OUI;;FRHGX;87725739;;
734 053;11/12/2011;RIO;Riom - Châtel Guyon;OUI;OUI;FRRIO;87734053;;
747 246;Avant Avril 2011;RIV;Rives;OUI;NON;FRHVM;87747246;;
171 009;Avant Avril 2011;RMS;Reims;OUI;OUI;FRRHE;87171009;;
144 451;19/04/2012;RMT;Remiremont;26/04/2012;NON;FRRNT;87144451;;
118 158;Via WS SUM Sans VaQ Copyright SNCFProximités 13/12/2012;RMY;Romilly sur Seine;01/01/2013;;FRAPI;87118158;;
726 802;02/09/2011;ROA;Roanne;OUI;NON;FRRNE;87726802;;
214 320;16/04/2013;ROH;Rosheim;OUI;;FRBXX;87214320;;
761 650;16/04/2013;ROM;Romans - Bourg-de-Péage;OUI;;FRIFE;87761650;;
491 803;Avant Avril 2011;ROY;Royan;OUI;NON;FRRYN;87491803;;
411 017;Avant Avril 2011;RRD;Rouen Rive Droite;OUI;NON;FRURD;87411017;;
474 155;Via WS SUM Sans VaQ Copyright SNCFProximités 16/05/2012;RSP;Rosporden;10/05/2012;;FRRSP;87474155;;
415 885;23/04/2013;RSS;Rosny-sur-Seine;OUI;Vides;FRDQL;87415885;;
396 895;02/09/2011;RTD;Clermont La Rotonde;OUI;NON;FRHCL;87396895;;
172 270;19/04/2012;RTL;Rethel;26/04/2012;NON;FRBDT;87172270;;
317 404;26/02/2013;RUE;Rue;OUI;;FRRUE;87317404;;
583 849;Via WS SUM Sans VaQ Copyright SNCFProximités 16/05/2012;RUG;Ruffec;10/05/2012;;;87583849;;
746 149;02/09/2011;RUM;Rumilly;OUI;NON;FRHTE;87746149;;
172 080;16/04/2013;RVI;Revin;OUI;;FRBDF;87172080;;
784 173;09/04/2013;RVT;Rivesaltes;OUI;;FRIOF;87784173;;
286 732;Via WS SUM VaQ Copyright SNCFProximités 16/05/2012;RXB;Roubaix;OUI;;FRADP;87286732;;
734 038;02/09/2011;RYA;Royat - Chamallières;OUI;NON;FRHKO;87734038;;
271 494;Avant Avril 2011;RYT;Aéroport Charles de Gaulle 2 TGV;OUI;OUI;FRMLW;87271494;;
396 408;Via WS SUM Sans VaQ Copyright SNCFProximités 16/05/2012;SAB;Sablé sur Sarthe;10/05/2012;;FRSAB;87396408;;
491 241;Via WS SUM Sans VaQ Copyright SNCFProximités 13/12/2012;SAC;Saint-André de Cubzac;01/01/2013;;FREMZ;87491241;;
576 322;Via WS SUM VaQ Copyright SNCFProximités 13/12/2012;SAD;Saint-Amand-Montrond - Orval;01/01/2013;;FREYF;87576322;;
723 494;02/09/2011;SAG;Saint-André le Gaz;OUI;NON;FRSAG;87723494;;
751 842;14/05/2013;SAH;Sainte-Marthe en Provence;OUI;;FRHYH;87751842;;
784 157;09/04/2013;SAL;Salses;OUI;;FRIOE;87784157;;
543 165;Via WS SUM VaQ Copyright SNCFProximités 13/12/2012;SAP;Salbris;01/01/2013;;FRSAL;87543165;;
723 734;05/02/2013;SAY;Saint-André de Corcy;OUI;;FRHFO;87723734;;
743 740;29/10/2013;SBB;Saint-Rambert-en-Bugey;NON;NON;FRHRE;87743740;;
473 009;Avant Avril 2011;SBC;Saint-Brieuc;OUI;OUI;FRSBK;87473009;;
215 012;19/04/2012;SBG;Sarrebourg;26/04/2012;NON;FRSBG;87215012;;
721 605;03/04/2013;SBL;Sain-Bel;OUI;;FRDAG;87721605;;
741 454;21/05/2013;SBR;Saint-Béron - La Bridoire;OUI;;FRHOO;87741454;;
761 718;Avant Avril 2011;SCI;Saint-Marcellin (Isère);17/02/2012;NON;FRIFG;87761718;;
726 307;29/01/2013;SCM;Saint-Chamond;OUI;;FRHHO;87726307;;
141 374;09/04/2013;SCX;Saint-Clément - Laronxe;OUI;;FRASI;87141374;;
721 340;03/04/2013;SDI;Saint-Georges-de-Reneins;OUI;;FRHCN;87721340;;
594 572;Via WS SUM Sans VaQ Copyright SNCFProximités 13/12/2012;SDM;Saint-Denis près Martel;01/01/2013;;FRSDM;87594572;;
444 562;11/12/2012;SDN;Surdon;20/12/2012;;FRSDN;87444562;;
783 431;Via WS SUM Sans VaQ Copyright SNCFProximités 13/12/2012;SDO;Saint-Rome de Cernon;01/01/2013;;FRINN;87783431;;
783 423;Via WS SUM Sans VaQ Copyright SNCFProximités 13/12/2012;SDU;Saint-Georges de Luzençon;01/01/2013;;FRINM;87783423;;
175 000;Via WS SUM Sans VaQ Copyright SNCFProximités 13/12/2012;SDZ;Saint-Dizier;01/01/2013;;FRBGJ;87175000;;
726 190;05/02/2013;SEB;Saint-Étienne Bellevue;OUI;;FRHHI;87726190;;
726 174;09/04/2013;SEC;Saint-Étienne Le Clapier;OUI;;FRHHH;87726174;;
172 254;19/04/2012;SED;Sedan;26/04/2012;NON;FRXSW;87172254;;
747 352;Avant Avril 2011;SEG;Saint-Egrève - Saint-Robert;17/02/2012;NON;FRHVR;87747352;;
726 000;Avant Avril 2011;SEN;Saint-Etienne Châteaucreux;OUI;OUI;FRHHD;87726000;;
726 901;05/02/2013;SEO;Saint-Étienne Carnot;OUI;;FRHJD;87726901;;
751 800;14/05/2013;SEP;Septèmes;OUI;;FRHYF;87751800;;
683 003;02/09/2011;SES;Sens;OUI;NON;FRXSF;87683003;;
726 158;05/02/2013;SET;Saint-Étienne La Terrasse;OUI;;FRHHG;87726158;;
182 105;16/04/2013;SEZ;Sierentz;OUI;;FRBJE;87182105;;
783 175;Via WS SUM Sans VaQ Copyright SNCFProximités 13/12/2012;SFC;Saint-Flour Chaudes Aigues;01/01/2013;;FRIMW;87783175;;
728 501;03/04/2013;SFS;Saint-Fons;OUI;;FRHJE;87728501;;
576 272;Via WS SUM Sans VaQ Copyright SNCFProximités 13/12/2012;SFT;Saint-Florent sur Cher;01/01/2013;;FREYA;87576272;;
734 301;Via WS SUM Sans VaQ Copyright SNCFProximités 13/12/2012;SGA;Saint-Georges d'Aurac;01/01/2013;;FRSGA;87734301;;
746 479;Avant Avril 2011;SGB;Saint-Gervais les Bains - Le Fayet;OUI;NON;FRXGF;87746479;;
611 137;Via WS SUM VaQ Copyright SNCFProximités 13/12/2012;SGD;Saint-Gaudens;02/09/2011;;FRFPH;87611137;;
485 227;20/09/2011;SGE;Surgères;OUI;OUI;FREIP;87485227;;
732 206;02/09/2011;SGF;Saint-Germain des Fossés;OUI;OUI;FRSGF;87732206;;
726 208;26/02/2013;SGL;Veauche - Saint-Galmier;OUI;;FRHHJ;87726208;;
721 282;29/01/2013;SGO;Saint-Germain-au-Mont-d'Or;OUI;;FRSGO;87721282;;
193 615;29/10/2013;SGS;Sarreguemines;NON;NON;FRSGS;87193615;;
761 684;02/09/2011;SHN;Saint-Hilaire - Saint-Nazaire;OUI;NON;FRITY;87761684;;
751 438;23/04/2013;SIE;Simiane;OUI;;FRHXQ;87751438;;
613 257;Via WS SUM Sans VaQ Copyright SNCFProximités 13/12/2012;SIH;Saint-Christophe;01/01/2013;;FRFST;87613257;;
745 430;02/09/2011;SJG;Saint-Julien en Genevois;OUI;NON;FRHSD;87745430;;
713 651;14/05/2013;SJL;Saint-Jean-de-Losne - Destinations et Provenances non conformes;OUI;;FRSJL;87713651;;
742 320;02/09/2011;SJM;Saint-Jean de Maurienne Arvan;OUI;NON;FRHPN;87742320;;
313 270;Via WS SUM Sans VaQ Copyright SNCFProximités 13/12/2012;SJS;Saint-Just en Chaussée;01/01/2013;;FRSJS;87313270;;
491 811;Via WS SUM Sans VaQ Copyright SNCFProximités 13/12/2012;SJW;Saujon;01/01/2013;;FRENX;87491811;;
677 120;Avant Avril 2011;SJZ;Saint-Jean de Luz - Ciboure;OUI;OUI;FRXJZ;87677120;;
722 652;09/05/2012;SKR;Saint-Clair les Roches;10/05/2012;NON;FRHEL;87722652;;
444 695;11/12/2012;SKS;Sées;20/12/2012;;FRDST;87444695;;
491 001;Avant Avril 2011;SKW;Saintes;OUI;OUI;FRXST;87491001;;
447 003;16/04/2013;SLO;Saint-Lô;OUI;;FRSLO;87447003;;
746 438;02/09/2011;SLS;Sallanches - Combloux - Megève;OUI;NON;FRXSN;87746438;;
276 402;21/05/2013;SLT;Saint-Leu-d'Esserent;OUI;;FRCGJ;87276402;;
181 016;03/04/2013;SLU;Saint-Louis la Chaussée;OUI;;FRBIH;87181016;;
742 361;04/04/2013;SMI;Saint-Michel - Valloire;02/09/2011;NON;FRXVR;87742361;;
478 107;Via WS SUM Sans VaQ Copyright SNCFProximités 16/05/2012;SMP;Saint-Malo;10/05/2012;;FRXSB;87478107;;
491 209;Via WS SUM Sans VaQ Copyright SNCFProximités 13/12/2012;SMS;Saint-Mariens-Saint-Yzan;01/01/2013;;FREMV;87491209;;
353 599;03/04/2013;SMT;Saint-Martin du Touch;OUI;;FRSMA;87353599;;
485 490;Via WS SUM Sans VaQ Copyright SNCFProximités 16/05/2012;SMX;Saint-Maixent;10/05/2012;;FREJC;87485490;;
723 536;26/02/2013;SMY;St Maurice-de-Beynost;OUI;;FRHFF;87723536;;
481 705;Avant Avril 2011;SNA;Saint-Nazaire;OUI;OUI;FRSNR;87481705;;
212 225;Avant Avril 2011;SNE;Saverne;OUI;NON;FRSNE;87212225;;
726 851;03/04/2013;SNJ;Saint-Jodard;OUI;;FRHIZ;87726851;;
721 456;03/04/2013;SNP;Saint-Romain-de-Popey;OUI;;FRHCR;87721456;;
751 826;14/05/2013;SNT;Saint-Antoine;OUI;;FRPEJ;87751826;;
481 838;11/12/2011;SNY;Savenay;OUI;NON;FRSNY;87481838;;
594 333;Via WS SUM VaQ Copyright SNCFProximités 13/12/2012;SOU;Souillac;01/01/2013;;FRSOU;87594333;;
741 223;23/04/2013;SPA;Saint-Pierre-d'Albigny;OUI;;FRSPA;87741223;;
571 240;Avant Avril 2011;SPC;Saint-Pierre des Corps;OUI;OUI;FRXSH;87571240;;
444 216;11/12/2012;SPD;Saint-Pierre sur Dives;20/12/2012;;FRDRQ;87444216;;
746 313;Avant Avril 2011;SPE;Saint-Pierre en Faucigny;17/02/2012;NON;FRHTT;87746313;;
696 294;17/01/2012;SPM;Saint-Pierre le Moutier;OUI;NON;FRGSR;87696294;;
684 217;Via WS SUM Sans VaQ Copyright SNCFProximités 13/12/2012;SPP;Souppes-Château Landon;01/01/2013;;FRGOC;87684217;;
723 353;03/04/2013;SPR;Saint-Priest;OUI;;FRHET;87723353;;
342337;16/08/2011;SPT;Saint-Pol sur Ternoise;23/03/2012;NON;FRSPT;87342337;;
723 387;05/02/2013;SQF;Saint-Quentin Fallavier;OUI;;FRHEW;87723387;;
212 191;21/05/2013;SQG;Strasbourg Roethig;OUI;;FRBUK;87212191;;
296 004;Avant Avril 2011;SQT;Saint-Quentin;OUI;OUI;FRXSJ;87296004;;
761 106;05/02/2013;SRA;Saint-Rambert d'Albon;OUI;;FRIEO;87761106;;
611 368;Via WS SUM Sans VaQ Copyright SNCFProximités 13/12/2012;SRN;Saverdun;01/01/2013;;FRFPU;87611368;;
313 080;03/04/2013;SRO;Saint-Roch;OUI;;FRSRO;87313080;;
726 430;03/04/2013;SRP;Saint-Romain-le-Puy;OUI;;FRHHV;87726430;;
757 526;Avant Avril 2011;SRV;Saint-Raphaël - Valescure;OUI;OUI;FRXSK;87757526;;
592 345;Via WS SUM Sans VaQ Copyright SNCFProximités 13/12/2012;SSL;Saint-Sulpice Laurière;02/09/2011;;FRSSL;87592345;;
745 828;29/10/2013;SSS;Seyssel - Corbonod;NON;NON;FRHSX;87745828;;
615 344;29/01/2013;SST;Saint-Sulpice (Tarn);OUI;;FRSST;87615344;;
144 014;Avant Avril 2011;STD;Saint-Dié des Vosges;OUI;OUI;FRXTD;87144014;;
773 200;Avant Avril 2011;STE;Sète;OUI;OUI;FRXSY;87773200;;
212 027;Avant Avril 2011;STG;Strasbourg;OUI;OUI;FRAEG;87212027;;
595 249;Via WS SUM Sans VaQ Copyright SNCFProximités 13/12/2012;STK;Saint-Astier;01/01/2013;;FRFLF;87595249;;
182 139;29/10/2013;STL;Saint-Louis Haut-Rhin;NON;NON;FRXLI;87182139;;
723 742;03/04/2013;STM;Saint-Marcel en Dombes;OUI;;FRHFP;87723742;;
281 444;Via WS SUM VaQ Copyright SNCFProximités 16/05/2012;STO;Saint-Omer;10/05/2012;;FRXSG;87281444;;
313 718;21/05/2013;SHS;Saint-Omer-en-Chaussée;NON;;FRXSG;87313718;;
214 056;19/04/2012;STT;Sélestat;26/04/2012;OUI;FRXSQ;87214056;;
487 603;11/05/2011;SUD;Saumur;23/03/2012;NON;FRACN;87487603;;
761 130;05/02/2013;SUO;Saint-Vallier sur Rhône;OUI;;FRIEQ;87761130;;
741 306;04/04/2013;SVB;Saint-Avre - La Chambre;10/05/2012;;FRHOJ;87741306;;
783 365;Via WS SUM Sans VaQ Copyright SNCFProximités 13/12/2012;SVC;Sévérac le Château;01/01/2013;;FRSVC;87783365;;
721 043;03/04/2013;SVH;Saint-Victor - Thizy;OUI;;FRHCF;87721043;;
723 791;03/04/2013;SVN;Servas - Lent;OUI;;FRHFT;87723791;;
723 783;03/04/2013;SVX;Saint-Paul-de-Varax;OUI;;FRHFS;87723783;;
762 906;Avant Avril 2011;SXA;Lyon Saint-Exupéry TGV;OUI;OUI;FRJDQ;87762906;;
444 315;Via WS SUM Sans VaQ Copyright SNCFProximités 13/12/2012;SYD;Serquigny;01/01/2013;;FRSQY;87444315;;
783 241;06/04/2013;SYH;Saint-Chély-d'Apcher;OUI;;FRINB;87783241;;
723 700;05/02/2013;SYR;Sathonay - Rillieux;OUI;;FRHFL;87723700;;
696 260;02/09/2011;SZE;Saincaize;OUI;NON;FRSZE;87696260;;
722 546;05/02/2013;SZN;Sérézin;OUI;;FRHEH;87722546;;
618 710;Via WS SUM Sans VaQ Copyright SNCFProximités 13/12/2012;SZS;Salechan Siradan;01/01/2013;;FRFXK;87618710;;
761 163;29/01/2013;TAI;Tain-l'Hermitage - Tournon;OUI;;FRIER;87761163;;
144 097;29/01/2013;TAO;Thaon;OUI;;FRAXS;87144097;;
721 472;29/01/2013;TAR;Tarare;OUI;;FRHCT;87721472;;
721 514;05/02/2013;TAS;Tassin;OUI;;FRTAS;87721514;;
696 161;Via WS SUM Sans VaQ Copyright SNCFProximités 13/12/2012;TAY;Tracy-Sancerre;01/01/2013;;FRGSI;87696161;;
671 008;Avant Avril 2011;TBS;Tarbes;OUI;OUI;FRXTB;87671008;;
765 354;Via WS SUM VaQ Copyright SNCFProximités 13/12/2012;TCN;Tarascon-sur-Rhône;01/01/2013;;FRTCN;87765354;;
444 372;Avant Avril 2011;TDE;Trouville - Deauville;OUI;NON;FRTRD;87444372;;
743 757;29/10/2013;TEN;Tenay - Hauteville;NON;NON;FRHRF;87743757;;
783 456;Via WS SUM Sans VaQ Copyright SNCFProximités 13/12/2012;TEO;Tournemire Roquefort;01/01/2013;;FRINO;87783456;;
446 179;29/01/2013;TEW;Saint-Cyprien Arènes;OUI;;FRTAR;87446179;;
741 629;21/05/2013;TFF;Frontenex;OUI;;FRHOW;87741629;;
741 611;21/05/2013;TGG;Grésy-sur-Isère;OUI;;FRHOV;87741611;;
142 109;Avant Avril 2011;TGL;Lorraine TGV;OUI;OUI;FREAM;87142109;;
147 322;Avant Avril 2011;TGM;Meuse TGV;OUI;OUI;FREAJ;87147322;;
296 442;11/12/2012;TGR;Tergnier;20/12/2012;;FRTGR;87296442;;
191 007;Avant Avril 2011;THL;Thionville;OUI;OUI;FRXTH;87191007;;
595 579;Via WS SUM Sans VaQ Copyright SNCFProximités 13/12/2012;THN;Thenon;01/01/2013;;FRFLU;87595579;;
745 646;02/09/2011;THO;Thonon les Bains;OUI;NON;FRXTS;87745646;;
595 124;Via WS SUM Sans VaQ Copyright SNCFProximités 13/12/2012;TIV;Thiviers;01/01/2013;;FRFKX;87595124;;
182 352;03/04/2013;TKM;Turckheim;OUI;;FRBJS;87182352;;
761 759;Avant Avril 2011;TLE;Tullins - Fures;17/02/2012;NON;FRIFG;87761759;;
755 009;Avant Avril 2011;TLN;Toulon;OUI;OUI;FRTLN;87755009;;
594 408;Via WS SUM Sans VaQ Copyright SNCFProximités 13/12/2012;TOD;Terrasson;01/01/2013;;FRTER;87594408;;
353 573;09/04/2013;TOE;Le Toec;OUI;;FRTOE;87353573;;
141 044;19/04/2012;TOL;Toul;10/05/2012;NON;FRTOL;87141044;;
725 622;19/04/2012;TOS;Tournus;26/04/2012;NON;FRHGQ;87725622;;
118 000;Avant Avril 2011;TOY;Troyes;OUI;OUI;FRQYR;87118000;;
611 590;Via WS SUM Sans VaQ Copyright SNCFProximités 13/12/2012;TRC;Tarascon sur Ariège;01/01/2013;;FRFQM;87611590;;
286 542;Via WS SUM VaQ Copyright SNCFProximités 16/05/2012;TRG;Tourcoing;OUI;;FRADM;87286542;;
571 000;Avant Avril 2011;TRS;Tours;OUI;NON;FRAFW;87571000;;
611 004;Avant Avril 2011;TSE;Toulouse Matabiau;OUI;OUI;FRXYT;87611004;;
721 548;05/03/2013;TSW;La Tour-de-Salvagny;OUI;;FRHCX;87721548;;
582 643;Via WS SUM VaQ Copyright SNCFProximités 16/05/2012;TTE;La Teste;10/05/2012;;FRFCJ;87582643;;
594 499;Via WS SUM VaQ Copyright SNCFProximités 13/12/2012;TUL;Tulle;01/01/2013;;FRXTU;87594499;;
191 130;Via WS SUM Sans VaQ Copyright SNCFProximités 13/12/2012;UCK;Uckange;01/01/2013;;FRBNR;87191130;;
594 200;02/09/2011;URE;Uzerche;OUI;NON;FRAAW;87594200;;
594 093;11/12/2012;USL;Ussel;02/09/2011;;FRUSS;87594093;;
696 351;14/05/2013;VAA;Varennes-sur-Allier;OUI;;FRGSW;87696351;;
763 029;Avant Avril 2011;VAL;Valence TGV Rhône-Alpes Sud;OUI;OUI;FRVLA;87763029;;
476 606;Avant Avril 2011;VAN;Vannes;OUI;NON;FRVNE;87476606;;
723 577;05/02/2013;VAO;La Valbonne;OUI;;FRQVI;87723577;;
447 284;11/12/2012;VAS;Valognes;20/12/2012;;FRDTO;87447284;;
761 007;Avant Avril 2011;VCE;Valence;OUI;OUI;FRVAF;87761007;;
393 009;19/04/2012;VCR;Versailles Chantiers;26/04/2012;NON;FRDHT;87393009;;
144 063;09/04/2013;VCY;Vincey;OUI;;FRAXP;87144063;;
415 877;Avant Avril 2011;VDR;Val de Reuil;OUI;NON;FRVDR;87415877;;
447 698;02/09/2011;VDS;Villedieu les Poêles;23/03/2012;NON;FRDUO;87447698;;
571 216;Via WS SUM VaQ Copyright SNCFProximités 16/05/2012;VDT;Vendôme-Villiers sur Loire;OUI;;FRESL;87571216;;
741 140;Avant Avril 2011;VDX;Viviers du Lac;17/02/2012;NON;FRHNZ;87741140;;
763 300;11/12/2012;VDY;Veynes Devoluy;20/12/2012;;FRVDY;87763300;;
393 595;Via WS SUM Sans VaQ Copyright SNCFProximités 13/12/2012;VEA;Verneuil sur Avre;01/01/2013;;FRDJM;87393595;;
723 395;29/01/2013;VEI;La Verpillière;OUI;;FRHEX;87723395;;
576 009;Avant Avril 2011;VER;Vierzon;OUI;OUI;FRXVZ;87576009;;
185 009;Avant Avril 2011;VES;Vesoul;OUI;NON;FRXVO;87185009;;
745 414;Avant Avril 2011;VEY;Valleiry;17/02/2012;NON;FRHSB;87745414;;
594 218;02/09/2011;VGE;Vigeois;OUI;NON;FRFIY;87594218;;
212 118;14/05/2013;VHM;Vendenheim;OUI;;FRVHM;87212118;;
732 008;Avant Avril 2011;VHY;Vichy;OUI;OUI;FRVHY;87732008;;
773 531;09/04/2013;VIC;Vic - Mireval;OUI;;FRIJJ;87773531;;
722 587;09/05/2012;VIE;Vienne;10/05/2012;NON;FRXVI;87722587;;
448 159;02/09/2011;VIR;Vire;23/03/2012;NON;FRDUX;87448159;;
721 332;29/01/2013;VIS;Villefranche-sur-Saône;OUI;;FRXVF;87721332;;
723 759;29/01/2013;VLD;Villars-les-Dombes;OUI;;FRHFQ;87723759;;
775 197;Via WS SUM Sans VaQ Copyright SNCFProximités 13/12/2012;VLF;Villefort;01/01/2013;;FRIJW;87775197;;
641 357;Via WS SUM VaQ Copyright SNCFProximités 13/12/2012;VLL;Vallon-en-Sully;01/01/2013;;FRGAB;87641357;;
773 515;09/04/2013;VLM;Villeneuve-lès-Maguelone;OUI;;FRIJI;87773515;;
761 726;Avant Avril 2011;VNA;Vinay;OUI;NON;FRIFH;87761726;;
722 264;09/04/2013;VNI;Vernaison;OUI;;FRHDY;87722264;;
415 604;Avant Avril 2011;VNO;Vernon;OUI;OUI;FRDQC;87415604;;
747 287;02/09/2011;VOR;Voiron;OUI;NON;FRHVO;87747287;;
741 108;29/10/2013;VOZ;Vions - Chanaz;NON;NON;FRHNW;87741108;;
595 892;Via WS SUM Sans VaQ Copyright SNCFProximités 13/12/2012;VPD;Villefranche du Périgord;01/01/2013;;FRFMH;87595892;;
747 337;Avant Avril 2011;VPE;Voreppe;17/02/2012;NON;FRHVQ;87747337;;
747 204;Avant Avril 2011;VRB;Virieu sur Bourbre;17/02/2012;NON;FRHVI;87747204;;
741 504;29/10/2013;VRU;Virieu-le-Grand - Belley;NON;NON;FRHOT;87741504;;
613 893;21/05/2013;VRW;Villefranche-de-Rouergue;OUI;;FRFUO;87613893;;
172 114;21/05/2013;VRX;Vireux-Molhain;OUI;;FRBDI;87172114;;
343 004;Avant Avril 2011;VSN;Valenciennes;OUI;OUI;FRXVS;87343004;;
723 320;05/02/2013;VSX;Vénissieux;OUI;;FRHER;87723320;;
471 508;19/04/2012;VTE;Vitré;10/05/2012;NON;FRXVT;87471508;;
481 408;14/05/2013;VTU;Vertou;OUI;;FREFY;87481408;;
734 426;26/02/2013;VTZ;Vertaizon;OUI;;FRHLQ;87734426;;
721 266;05/02/2013;VVN;Albigny Neuville;OUI;;FRHCJ;87721266;;
174 276;09/05/2012;VYF;Vitry-le-François;10/05/2012;NON;FRBFO;87174276;;
775 114;26/02/2013;VZC;Vergèze - Codognan;OUI;;FRIJS;87775114;;
613 661;Via WS SUM Sans VaQ Copyright SNCFProximités 13/12/2012;VZI;Viviez-Décazeville;01/01/2013;;FRVZD;87613661;;
182 360;09/04/2013;WAH;Walbach;OUI;;FRBJT;87182360;;
721 522;26/02/2013;WER;Le Méridien La Ferrière;OUI;;FRHCV;87721522;;
213 678;16/04/2013;WEY;Weyersheim;OUI;;FRBWS;87213678;;
182 378;09/04/2013;WIH;Wihr-au-Val - Soultzbach;OUI;;FRBJU;87182378;;
213 744;23/04/2013;WMG;Wingen-sur-Moder;OUI;;FRWIM;87213744;;
192 088;14/05/2013;WPY;Woippy;OUI;;FRBPD;87192088;;
611 301;11/12/2012;XAE;Saint-Agne;20/12/2012;;FRSGN;87611301;;
759 316;14/05/2013;XJC;Saint-Joseph le Castellas;OUI;;FRPEK;87759316;;
146 217;03/04/2013;XNB;Saint-Nabord;OUI;;FRBAW;87146217;;
759 290;14/05/2013;XPC;Picon Busserine;OUI;;FRPEI;87759290;;
354 597;05/03/2013;XTD;Saint-Sébastien Frêne Rond;OUI;;FRROD;87354597;;
354 589;03/04/2013;XTX;Saint-Sébastien Pas Enchantés;OUI;;FRPHT;87354589;;
413 385;Via WS SUM Sans VaQ Copyright SNCFProximités 13/12/2012;YVT;Yvetot;01/01/2013;;FRYVE;87413385;;
